76,282,JR2
9,14,CS13
57,223,PS3
32,50,X3
32,46,XB
72,269,CS3
4,45,B2
27,106,RH1
57,219,PS1
78,300,SC6
27,105,RHG
9,8,SB3
20,285,EBB
81,317,BH1
71,262,HHRB 1
20,285,QSBB
83,333,BL2
24,127,PL1
40,140,LSG
68,253,UCON1
80,314,FSD1
9,11,CS10
9,13,SB12
9,26,SB2
9,9,SB8
79,304,PH1
72,267,CS1
9,25,SB1
76,319,JR3
31,76,T2
86,337,JPRG
83,320,BLG
9,207,CS15 ROOF PLANT
9,35,SB6
72,301,BS4
4,43,BG
54,217,SU1
56,225,UCB1
63,242,F80-G
85,329,JP1
86,339,JPR2
71,264,EK3
84,324,OA5
5,86,SB
2,3,LAG
31,335,T5 MEZZ
7,203,SJB
84,325,OA6
57,221,PSG
59,235,F72-1
69,260,HHRA 1A
19,73,R2
52,211,JM3
72,269,BS3
24,128,PLB
31,78,T4
56,228,UCB4
9,15,CS14
18,119,CO
7,27,SJG
68,256,UCON4
75,278,qs1
42,148,LW1
61,238,F76-G
76,308,JR7
72,267,BS1
76,283,JRG
76,281,JR1
57,222,PSB
57,222,MBB
28,111,SHG
80,314,FD1
68,254,UCON2
32,49,X2
18,334,CO1
9,34,SB5
57,220,MB2
33,52,WG
42,147,LWG
84,327,OA5.5
65,247,F84-1
9,8,CS3
18,334,RW1
28,108,SH1
2,284,BIC2
76,311,JR10
68,255,UCON3
9,11,SB10
33,53,W1
40,141,LS1
20,98,QSBG
71,262,EK1
84,323,OA4
75,277,qsg
28,109,SH2
79,302,PHB
20,99,QSB1
67,250,CAB 2
52,209,JM1
7,28,CW1
9,33,SB4
9,25,CS1
9,36,CS7
7,30,CW3
6,124,HA4
69,259,HHRA 2
80,314,LF1
37,118,HW3
6,82,CE2
9,10,SB9
61,239,F76-1
57,223,MB3
85,330,JP2
80,313,FDG
19,72,R1
85,331,JP3
78,296,SC2
9,15,SB14
37,116,HW1
33,55,W3
9,36,SB7
80,313,LFG
6,82,HA2
9,9,CS8
34,38,AG
69,257,HHRA G
5,89,S2
76,283,JR5
55,233,UCOT
57,219,MB1
57,221,MBG
7,29,SJ2
64,244,F82-G
37,115,HWG
69,258,HHRA 1
69,260,RH 1A
9,10,CS9
7,32,SJ5
6,83,CE3
71,264,HHRB 3
40,142,LS2
60,236,F74-G
71,261,HHRB G
86,338,JPR1
6,80,CEG
78,295,SC1.5
6,83,HA3
9,26,CS2
62,241,F78-1
80,313,FSDG
76,312,JR11
6,81,CE1
56,226,UCB2
4,44,B1
7,29,CW2
7,31,SJ4
24,103,PLG
72,266,CSG
71,263,HHRB 2
9,13,CS12
55,232,UCOS
72,301,CS4
65,246,F84-G
9,12,CS11
71,263,EK2
33,54,W2
72,268,BS2
70,265,CSL G
75,279,qs2
2,4,BIC1
52,210,JM2
31,185,TC
64,245,F82-1
81,316,BHG
31,75,T1
20,290,QSBG MEZ
76,310,JR9
37,117,HW2
6,81,HA1
6,124,CE4
85,328,JPG
20,290,EBG MEZ
86,340,JPR3
78,299,Sc5
76,280,JR12
9,207,SB15 ROOF PLANT
84,322,OA3
54,218,SU2
6,80,HAG
31,79,T5
60,237,F74-1
28,110,SHB
69,259,RH 2
7,28,SJ1
68,252,UCONG
78,298,SC4
31,77,T3
24,199,PLT3
63,243,F80-1
20,99,eb1
2,3,BICG
69,258,RH 1
5,88,S1
69,257,RH G
7,30,SJ3
57,220,PS2
6,205,HA4PLANT
28,202,SHU
7,27,CWG
55,231,UCOF
31,289,T2 MEZZ
5,87,SG
84,336,OA2
9,14,SB13
56,227,UCB3
79,303,PHG
4,42,BB
67,248,CAB G
72,268,CS2
9,35,CS6
72,266,BSG
19,74,R3
9,34,CS5
37,293,HW4
84,326,OA7
28,112,SHW
20,98,ebG
9,12,SB11
55,230,UCOG
71,261,EKG
21,97,QSA
24,197,PLT1
9,33,CS4
18,119,RW
24,198,PLT2
7,203,CWB
67,249,CAB 1
7,32,CW5
32,47,XG
76,306,JR4
62,240,F78-G
52,208,JMG
78,297,SC3
69,286,RH B
85,332,JP4
2,4,LA1
67,315,CAB4
76,309,JR8
19,71,RG
76,307,JR6
19,70,RB
32,48,X1
31,318,T1 MEZZ
75,276,qsB
59,234,F72-G
83,321,BL1
67,251,CAB 3
6,205,CE4PLANT
54,216,SUG
7,31,CW4
